database,./data/human_transcriptome/human_transcriptome_db
fasta,/home/tmurakami/src/split-oligo-designer/data/slc17a7/slc17a7_hs.fasta
hcr_seqs,"{'seq_even_l': 'GAGGAGGGCAGCAAACGGaa', 'seq_odd_r': 'atGAAGAGTCTTCCTTTACG', 'seq_even_r': '', 'seq_odd_l': ''}"
minimum_offtarget_gap,100
self_remove,True
bedVal,False
concA,25
concB,25
debugVal,False
form,30
gcPercent,25
GCPercent,75
headerVal,
l,20
L,20
metaVal,False
nn_table,DNA_NN3
outNameVal,
OverlapModeVal,False
reportVal,True
sal,390
sp,1
tm,0
TM,100
verbocity,False
X,"AAAAAA,TTTTTT,CCCCCC,GGGGGG"
